,Product_Name
29,"Howard Miller 13-3/4"" Diameter Brushed Chrome Round Wall Clock"
66,"Global Value Mid-Back Manager's Chair, Gray"
70,Avery Binding System Hidden Tab Executive Style Index Sets
128,"Global Task Chair, Black"
131,Xerox 1916
135,"Sanford Colorific Colored Pencils, 12/Box"
171,"Adams Phone Message Book, Professional, 400 Message Capacity, 5 3/6� x 11�"
223,Swingline SM12-08 MicroCut Jam Free Shredder
234,"Tenex Contemporary Contur Chairmats for Low and Medium Pile Carpet, Computer, 39"" x 49"""
235,Logitech�P710e Mobile Speakerphone
253,"Fellowes Personal Hanging Folder Files, Navy"
294,"Howard Miller 13"" Diameter Goldtone Round Wall Clock"
351,Xerox 1881
412,Xerox 1908
500,"Howard Miller 14-1/2"" Diameter Chrome Round Wall Clock"
507,"White Dual Perf Computer Printout Paper, 2700 Sheets, 1 Part, Heavyweight, 20 lbs., 14 7/8 x 11"
511,Personal File Boxes with Fold-Down Carry Handle
525,Imation�16GB Mini TravelDrive USB 2.0�Flash Drive
672,"Adams Telephone Message Book W/Dividers/Space For Phone Numbers, 5 1/4""X8 1/2"", 200/Messages"
680,Ibico Hi-Tech Manual Binding System
792,Cisco Unified IP Phone 7945G VoIP phone
802,Belkin 7 Outlet SurgeMaster II
806,ClearOne CHATAttach 160 -�speaker phone
877,Logitech G19 Programmable Gaming Keyboard
922,OtterBox Commuter Series Case - iPhone 5 & 5s
932,"RSVP Cards & Envelopes, Blank White, 8-1/2"" X 11"", 24 Cards/25 Envelopes/Set"
995,Plantronics Voyager Pro Legend
1025,Xerox 2
1160,"Belkin 325VA UPS Surge Protector, 6'"
1219,Samsung Galaxy Note 2
1282,Avery Arch Ring Binders
1297,GBC Binding covers
1378,Panasonic KX T7731-B Digital phone
1385,"Eldon 200 Class Desk Accessories, Black"
1459,DAX Wood Document Frame
1473,"Eldon Image Series Desk Accessories, Burgundy"
1496,Acco Perma 3000 Stacking Storage Drawers
1625,Plantronics Savi W720 Multi-Device Wireless Headset System
2062,Xerox 1952
2103,Xerox 1888
2115,DMI Eclipse Executive Suite Bookcases
2204,"Eldon Executive Woodline II Desk Accessories, Mahogany"
2251,Xerox 22
2346,"TOPS Carbonless Receipt Book, Four 2-3/4 x 7-1/4 Money Receipts per Page"
2381,DAX Solid Wood Frames
2471,"Sauder Forest Hills Library, Woodland Oak Finish"
2525,Maxell 4.7GB DVD-RW 3/Pack
2596,Plantronics Calisto P620-M USB Wireless Speakerphone System
2645,"Executive Impressions 13"" Clairmont Wall Clock"
2715,AT&T CL2909
2994,VariCap6 Expandable Binder
3126,Aastra 6757i CT Wireless VoIP phone
3377,"Tenex Personal Filing Tote With Secure Closure Lid, Black/Frost"
3570,Okidata MB491 Multifunction Printer
3583,"Avery Hi-Liter Comfort Grip Fluorescent Highlighter, Yellow Ink"
3640,"Memorex 25GB 6X Branded Blu-Ray Recordable Disc, 30/Pack"
3646,Xerox 1966
3831,"Executive Impressions 13"" Chairman Wall Clock"
4463,Xerox 1992
4792,Xerox 1932
5317,Eldon 500 Class Desk Accessories
5407,Standard Line �While You Were Out� Hardbound Telephone Message Book
5513,RCA H5401RE1 DECT 6.0 4-Line Cordless Handset With Caller ID/Call Waiting
5951,Ibico Recycled Linen-Style Covers
